Type,Brand,Model,Benchmark,Type_Speed,CAS_Latency,RAM_Sticks,GB_Amount,URL
RAM,Ripjaws,Ripjaws 4 DDR4 2400 C14 8x16GB,121.0,DDR4 2400,C14,4,16GB,https://ram.userbenchmark.com/GSKILL-Ripjaws-4-DDR4-2400-C14-8x16GB/Rating/3567
RAM,Trident,Trident Z DDR4 3200 C14 4x16GB,116.0,DDR4 3200,C14,4,16GB,https://ram.userbenchmark.com/GSKILL-Trident-Z-DDR4-3200-C14-4x16GB/Rating/3612
RAM,Ballistix,Ballistix Sport DDR4 2400 C16 8x4GB,110.0,DDR4 2400,C16,4,4GB,https://ram.userbenchmark.com/SpeedTest/93395/Crucial-BLS4G4D240FSAM8FAD-8x4GB
RAM,Ballistix,Ballistix Elite DDR4 3600 C16 4x8GB,108.0,DDR4 3600,C16,4,8GB,https://ram.userbenchmark.com/SpeedTest/811381/Crucial-BLE8G4D36BEEAKM8FE1-4x8GB
RAM,Flare,Flare X DDR4 3200 C14 4x8GB,106.0,DDR4 3200,C14,4,8GB,https://ram.userbenchmark.com/SpeedTest/270794/GSKILL-F4-3200C14-8GFX-4x8GB
RAM,Trident,Trident Z DDR4 3200 C15 4x16GB,103.0,DDR4 3200,C15,4,16GB,https://ram.userbenchmark.com/GSKILL-Trident-Z-DDR4-3200-C15-4x16GB/Rating/3613
RAM,Dominator,Dominator DDR4 3000 C15 4x16GB,99.3,DDR4 3000,C15,4,16GB,https://ram.userbenchmark.com/Corsair-Dominator-DDR4-3000-C15-4x16GB/Rating/3565
RAM,Vengeance,Vengeance LPX DDR4 3600 C18 2x16GB,98.6,DDR4 3600,C18,4,16GB,https://ram.userbenchmark.com/SpeedTest/998434/Corsair-Vengeance-LPX-CMK32GX4M2Z3600C18-2x16GB
RAM,Trident,Trident Z DDR4 3600 C16 2x8GB,97.8,DDR4 3600,C16,4,8GB,https://ram.userbenchmark.com/GSKILL-Trident-Z-DDR4-3600-C16-2x8GB/Rating/3562
RAM,Flare,Flare X DDR4 3200 C14 2x8GB,97.8,DDR4 3200,C14,4,8GB,https://ram.userbenchmark.com/SpeedTest/255366/GSKILL-F4-3200C14-8GFX-2x8GB
RAM,Ballistix,Ballistix Sport DDR4 2400 C16 4x4GB,97.4,DDR4 2400,C16,4,4GB,https://ram.userbenchmark.com/Crucial-Ballistix-Sport-DDR4-2400-C16-4x4GB/Rating/3561
RAM,Trident,Trident Z DDR4 3600 C17 2x8GB,96.2,DDR4 3600,C17,4,8GB,https://ram.userbenchmark.com/GSKILL-Trident-Z-DDR4-3600-C17-2x8GB/Rating/3563
RAM,Vengeance,Vengeance LPX DDR4 2666 C15 4x8GB,95.5,DDR4 2666,C15,4,8GB,https://ram.userbenchmark.com/SpeedTest/89347/Corsair-Vengeance-LPX-CMK32GX4M4A2666C15-4x8GB
RAM,Ballistix,Ballistix Elite DDR4 3600 C16 2x8GB,95.2,DDR4 3600,C16,4,8GB,https://ram.userbenchmark.com/SpeedTest/786050/Crucial-BLE8G4D36BEEAKM8FE1-2x8GB
RAM,Ripjaws,Ripjaws V DDR4 3200 C16 4x16GB,94.5,DDR4 3200,C16,4,16GB,https://ram.userbenchmark.com/GSKILL-Ripjaws-V-DDR4-3200-C16-4x16GB/Rating/3564
RAM,Fury,Fury DDR4 2666 C15 4x8GB,92.4,DDR4 2666,C15,4,8GB,https://ram.userbenchmark.com/HyperX-Fury-DDR4-2666-C15-4x8GB/Rating/3570
RAM,Ripjaws,Ripjaws 4 DDR4 3000 C15 4x4GB,92.1,DDR4 3000,C15,4,4GB,https://ram.userbenchmark.com/GSKILL-Ripjaws-4-DDR4-3000-C15-4x4GB/Rating/3540
RAM,Ripjaws,Ripjaws 4 DDR4 3000 C15 4x4GB,92.1,DDR4 3000,C15,4,4GB,https://ram.userbenchmark.com/GSKILL-Ripjaws-4-DDR4-3000-C15-4x4GB/Rating/3540
RAM,Ripjaws,Ripjaws 4 DDR4 3000 C15 4x4GB,92.1,DDR4 3000,C15,4,4GB,https://ram.userbenchmark.com/GSKILL-Ripjaws-4-DDR4-3000-C15-4x4GB/Rating/3540
RAM,Ripjaws,Ripjaws 4 DDR4 2800 C16 4x4GB,91.9,DDR4 2800,C16,4,4GB,https://ram.userbenchmark.com/GSKILL-Ripjaws-4-DDR4-2800-C16-4x4GB/Rating/3608
RAM,Ripjaws,Ripjaws 4 DDR4 2800 C16 4x4GB,91.9,DDR4 2800,C16,4,4GB,https://ram.userbenchmark.com/GSKILL-Ripjaws-4-DDR4-2800-C16-4x4GB/Rating/3608
RAM,Ripjaws,Ripjaws 4 DDR4 2800 C16 4x4GB,91.9,DDR4 2800,C16,4,4GB,https://ram.userbenchmark.com/GSKILL-Ripjaws-4-DDR4-2800-C16-4x4GB/Rating/3608
RAM,Trident,Trident Z DDR4 3600 C17 2x4GB,91.4,DDR4 3600,C17,4,4GB,https://ram.userbenchmark.com/GSKILL-Trident-Z-DDR4-3600-C17-2x4GB/Rating/3566
RAM,Vengeance,Vengeance RGB DDR4 3466 C16 2x8GB,91.3,DDR4 3466,C16,4,8GB,https://ram.userbenchmark.com/SpeedTest/287318/Corsair-CMR16GX4M2C3466C16-2x8GB
RAM,Vengeance,Vengeance LPX DDR4 3000 C15 4x4GB,90.9,DDR4 3000,C15,4,4GB,https://ram.userbenchmark.com/Corsair-Vengeance-LPX-DDR4-3000-C15-4x4GB/Rating/3558
RAM,Vengeance,Vengeance LPX DDR4 3000 C15 4x4GB,90.9,DDR4 3000,C15,4,4GB,https://ram.userbenchmark.com/Corsair-Vengeance-LPX-DDR4-3000-C15-4x4GB/Rating/3558
RAM,Vengeance,Vengeance LPX DDR4 3000 C15 4x4GB,90.9,DDR4 3000,C15,4,4GB,https://ram.userbenchmark.com/Corsair-Vengeance-LPX-DDR4-3000-C15-4x4GB/Rating/3558
RAM,Vengeance,Vengeance LPX DDR4 3600 C18 2x8GB,89.4,DDR4 3600,C18,4,8GB,https://ram.userbenchmark.com/SpeedTest/808862/Corsair-Vengeance-LPX-CMK16GX4M2D3600C18-2x8GB
RAM,Vengeance,Vengeance RGB DDR4 3600 C18 2x8GB,89.0,DDR4 3600,C18,4,8GB,https://ram.userbenchmark.com/SpeedTest/315553/Corsair-CMR16GX4M2C3600C18-2x8GB
RAM,Vengeance,Vengeance RGB PRO DDR4 3200 C16 2x16GB,88.5,DDR4 3200,C16,4,16GB,https://ram.userbenchmark.com/SpeedTest/587593/Corsair-CMW32GX4M2C3200C16-2x16GB
RAM,Vengeance,Vengeance LPX DDR4 2800 C16 4x4GB,88.5,DDR4 2800,C16,4,4GB,https://ram.userbenchmark.com/Corsair-Vengeance-LPX-DDR4-2800-C16-4x4GB/Rating/3541
RAM,Vengeance,Vengeance LPX DDR4 2800 C16 4x4GB,88.5,DDR4 2800,C16,4,4GB,https://ram.userbenchmark.com/Corsair-Vengeance-LPX-DDR4-2800-C16-4x4GB/Rating/3541
RAM,Vengeance,Vengeance LPX DDR4 2800 C16 4x4GB,88.5,DDR4 2800,C16,4,4GB,https://ram.userbenchmark.com/Corsair-Vengeance-LPX-DDR4-2800-C16-4x4GB/Rating/3541
RAM,Vengeance,Vengeance LPX DDR4 2666 C16 4x4GB,87.9,DDR4 2666,C16,4,4GB,https://ram.userbenchmark.com/Corsair-Vengeance-LPX-DDR4-2666-C16-4x4GB/Rating/3557
RAM,Vengeance,Vengeance LPX DDR4 2666 C16 4x4GB,87.9,DDR4 2666,C16,4,4GB,https://ram.userbenchmark.com/Corsair-Vengeance-LPX-DDR4-2666-C16-4x4GB/Rating/3557
RAM,Vengeance,Vengeance LPX DDR4 2666 C16 4x4GB,87.9,DDR4 2666,C16,4,4GB,https://ram.userbenchmark.com/Corsair-Vengeance-LPX-DDR4-2666-C16-4x4GB/Rating/3557
RAM,Vengeance,Vengeance LPX DDR4 3200 C16 2x16GB,87.5,DDR4 3200,C16,4,16GB,https://ram.userbenchmark.com/SpeedTest/97244/Corsair-Vengeance-LPX-CMK32GX4M2B3200C16-2x16GB
RAM,Vengeance,Vengeance LPX DDR4 2400 C14 4x8GB,87.1,DDR4 2400,C14,4,8GB,https://ram.userbenchmark.com/Corsair-Vengeance-LPX-DDR4-2400-C14-4x8GB/Rating/3542
RAM,Vengeance,Vengeance LPX DDR4 2400 C14 4x8GB,87.1,DDR4 2400,C14,4,8GB,https://ram.userbenchmark.com/Corsair-Vengeance-LPX-DDR4-2400-C14-4x8GB/Rating/3542
RAM,Vengeance,Vengeance LPX DDR4 2400 C14 4x8GB,87.1,DDR4 2400,C14,4,8GB,https://ram.userbenchmark.com/Corsair-Vengeance-LPX-DDR4-2400-C14-4x8GB/Rating/3542
RAM,Vengeance,Vengeance RGB DDR4 3000 C15 2x16GB,87.0,DDR4 3000,C15,4,16GB,https://ram.userbenchmark.com/SpeedTest/335632/Corsair-CMR32GX4M2C3000C15-2x16GB
RAM,Vengeance,Vengeance LPX DDR4 3200 C16 2x16GB,86.2,DDR4 3200,C16,4,16GB,https://ram.userbenchmark.com/SpeedTest/814385/Corsair-Vengeance-LPX-CMK32GX4M2E3200C16-2x16GB
RAM,Trident,Trident Z DDR4 3200 C16 2x8GB,85.4,DDR4 3200,C16,4,8GB,https://ram.userbenchmark.com/GSKILL-Trident-Z-DDR4-3200-C16-2x8GB/Rating/3550
RAM,Vengeance,Vengeance LPX DDR4 2400 C16 4x8GB,85.1,DDR4 2400,C16,4,8GB,https://ram.userbenchmark.com/SpeedTest/108268/Corsair-Vengeance-LPX-CMK32GX4M4A2400C16-4x8GB
RAM,Vengeance,Vengeance LPX DDR4 3200 C16 2x8GB,85.1,DDR4 3200,C16,4,8GB,https://ram.userbenchmark.com/Corsair-Vengeance-LPX-DDR4-3200-C16-2x8GB/Rating/3547
RAM,Vengeance,Vengeance LPX DDR4 3200 C16 2x8GB,85.1,DDR4 3200,C16,4,8GB,https://ram.userbenchmark.com/Corsair-Vengeance-LPX-DDR4-3200-C16-2x8GB/Rating/3547
RAM,Vengeance,Vengeance RGB DDR4 3200 C16 2x8GB,85.0,DDR4 3200,C16,4,8GB,https://ram.userbenchmark.com/SpeedTest/298180/Corsair-CMR16GX4M2C3200C16-2x8GB
RAM,Vengeance,Vengeance LED DDR4 3200 C16 2x8GB,84.8,DDR4 3200,C16,4,8GB,https://ram.userbenchmark.com/SpeedTest/155727/Corsair-CMU16GX4M2C3200C16-2x8GB
RAM,Vengeance,Vengeance LED DDR4 3200 C16 2x8GB,84.8,DDR4 3200,C16,4,8GB,https://ram.userbenchmark.com/SpeedTest/155727/Corsair-CMU16GX4M2C3200C16-2x8GB
RAM,Vengeance,Vengeance LED DDR4 3200 C16 2x8GB,84.8,DDR4 3200,C16,4,8GB,https://ram.userbenchmark.com/SpeedTest/155727/Corsair-CMU16GX4M2C3200C16-2x8GB
RAM,Vengeance,Vengeance LPX DDR4 2666 C16 4x8GB,84.7,DDR4 2666,C16,4,8GB,https://ram.userbenchmark.com/Corsair-Vengeance-LPX-DDR4-2666-C16-4x8GB/Rating/3586
RAM,Vengeance,Vengeance LPX DDR4 2666 C16 4x8GB,84.7,DDR4 2666,C16,4,8GB,https://ram.userbenchmark.com/Corsair-Vengeance-LPX-DDR4-2666-C16-4x8GB/Rating/3586
RAM,Vengeance,Vengeance LPX DDR4 2666 C16 4x8GB,84.7,DDR4 2666,C16,4,8GB,https://ram.userbenchmark.com/Corsair-Vengeance-LPX-DDR4-2666-C16-4x8GB/Rating/3586
RAM,Vengeance,Vengeance LPX DDR4 3200 C16 2x8GB,84.5,DDR4 3200,C16,4,8GB,https://ram.userbenchmark.com/SpeedTest/812521/Corsair-Vengeance-LPX-CMK16GX4M2E3200C16-2x8GB
RAM,Vengeance,Vengeance LPX DDR4 3000 C15 2x16GB,84.4,DDR4 3000,C15,4,16GB,https://ram.userbenchmark.com/SpeedTest/92054/Corsair-Vengeance-LPX-CMK32GX4M2B3000C15-2x16GB
RAM,Trident,Trident Z DDR4 3000 C15 2x8GB,84.3,DDR4 3000,C15,4,8GB,https://ram.userbenchmark.com/GSKILL-Trident-Z-DDR4-3000-C15-2x8GB/Rating/3548
RAM,Trident,Trident Z RGB DDR4 3200 C16 2x8GB,84.3,DDR4 3200,C16,4,8GB,https://ram.userbenchmark.com/SpeedTest/231020/GSKILL-F4-3200C16-8GTZR-2x8GB
RAM,Fury,Fury DDR4 2666 C15 2x4GB,84.2,DDR4 2666,C15,4,4GB,https://ram.userbenchmark.com/HyperX-Fury-DDR4-2666-C15-2x4GB/Rating/3556
RAM,Ripjaws,Ripjaws V DDR4 3200 C16 2x8GB,84.0,DDR4 3200,C16,4,8GB,https://ram.userbenchmark.com/SpeedTest/89324/GSKILL-F4-3200C16-8GVKB-2x8GB
RAM,Vengeance,Vengeance LPX DDR4 2400 C14 4x4GB,83.3,DDR4 2400,C14,4,4GB,https://ram.userbenchmark.com/Corsair-Vengeance-LPX-DDR4-2400-C14-4x4GB/Rating/3533
RAM,Vengeance,Vengeance LPX DDR4 2400 C14 4x4GB,83.3,DDR4 2400,C14,4,4GB,https://ram.userbenchmark.com/Corsair-Vengeance-LPX-DDR4-2400-C14-4x4GB/Rating/3533
RAM,Vengeance,Vengeance LPX DDR4 2400 C14 4x4GB,83.3,DDR4 2400,C14,4,4GB,https://ram.userbenchmark.com/Corsair-Vengeance-LPX-DDR4-2400-C14-4x4GB/Rating/3533
RAM,Fury,Fury DDR4 2666 C15 2x8GB,83.2,DDR4 2666,C15,4,8GB,https://ram.userbenchmark.com/HyperX-Fury-DDR4-2666-C15-2x8GB/Rating/3553
RAM,Dominator,Dominator DDR4 3000 C15 2x8GB,82.8,DDR4 3000,C15,4,8GB,https://ram.userbenchmark.com/Corsair-Dominator-DDR4-3000-C15-2x8GB/Rating/3597
RAM,Vengeance,Vengeance RGB DDR4 3000 C15 2x8GB,82.5,DDR4 3000,C15,4,8GB,https://ram.userbenchmark.com/SpeedTest/258851/Corsair-CMR16GX4M2C3000C15-2x8GB
RAM,Vengeance,Vengeance LED DDR4 3000 C15 2x8GB,82.5,DDR4 3000,C15,4,8GB,https://ram.userbenchmark.com/SpeedTest/156965/Corsair-CMU16GX4M2C3000C15-2x8GB
RAM,Vengeance,Vengeance LED DDR4 3000 C15 2x8GB,82.5,DDR4 3000,C15,4,8GB,https://ram.userbenchmark.com/SpeedTest/156965/Corsair-CMU16GX4M2C3000C15-2x8GB
RAM,Vengeance,Vengeance LED DDR4 3000 C15 2x8GB,82.5,DDR4 3000,C15,4,8GB,https://ram.userbenchmark.com/SpeedTest/156965/Corsair-CMU16GX4M2C3000C15-2x8GB
RAM,Predator,Predator 2666 C13 2x8GB,82.5,,C13,2666,8GB,https://ram.userbenchmark.com/SpeedTest/318273/Kingston-KHX2666C138GX-2x8GB
RAM,Vengeance,Vengeance DDR3 1600 C9 8x8GB,82.1,DDR3 1600,C9,3,8GB,https://ram.userbenchmark.com/SpeedTest/100478/Corsair-Vengeance-CMZ64GX3M8A1600C9-8x8GB
RAM,Fury,Fury 2666 C16 2x8GB,82.1,,C16,2666,8GB,https://ram.userbenchmark.com/SpeedTest/272118/Kingston-KHX2666C168G-2x8GB
RAM,Fury,Fury 2666 C16 2x8GB,82.1,,C16,2666,8GB,https://ram.userbenchmark.com/SpeedTest/272118/Kingston-KHX2666C168G-2x8GB
RAM,Fury,Fury 2666 C16 2x8GB,82.1,,C16,2666,8GB,https://ram.userbenchmark.com/SpeedTest/272118/Kingston-KHX2666C168G-2x8GB
RAM,Vengeance,Vengeance LPX DDR4 3000 C15 2x8GB,81.9,DDR4 3000,C15,4,8GB,https://ram.userbenchmark.com/Corsair-Vengeance-LPX-DDR4-3000-C15-2x8GB/Rating/3546
RAM,Vengeance,Vengeance LPX DDR4 3000 C15 2x8GB,81.9,DDR4 3000,C15,4,8GB,https://ram.userbenchmark.com/Corsair-Vengeance-LPX-DDR4-3000-C15-2x8GB/Rating/3546
RAM,Vengeance,Vengeance LPX DDR4 3000 C15 2x8GB,81.9,DDR4 3000,C15,4,8GB,https://ram.userbenchmark.com/Corsair-Vengeance-LPX-DDR4-3000-C15-2x8GB/Rating/3546
RAM,Vengeance,Vengeance LPX DDR4 3000 C15 2x8GB,81.9,DDR4 3000,C15,4,8GB,https://ram.userbenchmark.com/Corsair-Vengeance-LPX-DDR4-3000-C15-2x8GB/Rating/3546
RAM,Fury,Fury DDR4 2400 C15 4x4GB,81.8,DDR4 2400,C15,4,4GB,https://ram.userbenchmark.com/HyperX-Fury-DDR4-2400-C15-4x4GB/Rating/3585
RAM,Vengeance,Vengeance RGB DDR4 3000 C16 2x8GB,81.5,DDR4 3000,C16,4,8GB,https://ram.userbenchmark.com/SpeedTest/465040/Corsair-CMR16GX4M2D3000C16-2x8GB
RAM,Vengeance,Vengeance LPX DDR4 3000 C15 2x4GB,81.1,DDR4 3000,C15,4,4GB,https://ram.userbenchmark.com/SpeedTest/90523/Corsair-Vengeance-LPX-CMK8GX4M2B3000C15-2x4GB
RAM,Fury,Fury DDR4 2133 C14 4x8GB,80.9,DDR4 2133,C14,4,8GB,https://ram.userbenchmark.com/HyperX-Fury-DDR4-2133-C14-4x8GB/Rating/3569
RAM,Vengeance,Vengeance LPX DDR4 2400 C16 4x4GB,80.9,DDR4 2400,C16,4,4GB,https://ram.userbenchmark.com/SpeedTest/89553/Corsair-Vengeance-LPX-CMK16GX4M4A2400C16-4x4GB
RAM,Trident,Trident Z RGB DDR4 3000 C16 2x8GB,80.8,DDR4 3000,C16,4,8GB,https://ram.userbenchmark.com/SpeedTest/236585/GSKILL-F4-3000C16-8GTZR-2x8GB
RAM,Vengeance,Vengeance RGB PRO DDR4 3200 C15 2x8GB,80.5,DDR4 3200,C15,4,8GB,https://ram.userbenchmark.com/SpeedTest/523893/Corsair-CMW16GX4M2C3000C15-2x8GB
RAM,Vengeance,Vengeance LPX DDR4 3000 C16 2x8GB,80.1,DDR4 3000,C16,4,8GB,https://ram.userbenchmark.com/SpeedTest/337520/Corsair-Vengeance-LPX-CMK16GX4M2C3000C16-2x8GB
RAM,Vengeance,Vengeance LPX DDR4 3000 C16 2x8GB,80.1,DDR4 3000,C16,4,8GB,https://ram.userbenchmark.com/SpeedTest/337520/Corsair-Vengeance-LPX-CMK16GX4M2C3000C16-2x8GB
RAM,Vengeance,Vengeance LPX DDR4 3000 C16 2x8GB,80.1,DDR4 3000,C16,4,8GB,https://ram.userbenchmark.com/SpeedTest/337520/Corsair-Vengeance-LPX-CMK16GX4M2C3000C16-2x8GB
RAM,Vengeance,Vengeance LPX DDR4 3000 C16 2x8GB,80.1,DDR4 3000,C16,4,8GB,https://ram.userbenchmark.com/SpeedTest/337520/Corsair-Vengeance-LPX-CMK16GX4M2C3000C16-2x8GB
RAM,Ballistix,Ballistix Sport LT DDR4 2400 C16 4x8GB,79.5,DDR4 2400,C16,4,8GB,https://ram.userbenchmark.com/Crucial-Ballistix-Sport-LT-DDR4-2400-C16-4x8GB/Rating/3637
RAM,Ballistix,Ballistix Sport LT DDR4 2400 C16 4x8GB,79.5,DDR4 2400,C16,4,8GB,https://ram.userbenchmark.com/Crucial-Ballistix-Sport-LT-DDR4-2400-C16-4x8GB/Rating/3637
RAM,Ballistix,Ballistix Sport LT DDR4 2400 C16 4x8GB,79.5,DDR4 2400,C16,4,8GB,https://ram.userbenchmark.com/Crucial-Ballistix-Sport-LT-DDR4-2400-C16-4x8GB/Rating/3637
RAM,Fury,Fury DDR4 2400 C15 2x8GB,78.5,DDR4 2400,C15,4,8GB,https://ram.userbenchmark.com/HyperX-Fury-DDR4-2400-C15-2x8GB/Rating/3587
RAM,Ballistix,Ballistix Sport DDR4 2400 C16 2x8GB,77.0,DDR4 2400,C16,4,8GB,https://ram.userbenchmark.com/Crucial-Ballistix-Sport-DDR4-2400-C16-2x8GB/Rating/3611
RAM,Ballistix,Ballistix Sport LT DDR4 2400 C16 2x8GB,76.9,DDR4 2400,C16,4,8GB,https://ram.userbenchmark.com/Crucial-Ballistix-Sport-LT-DDR4-2400-C16-2x8GB/Rating/3638
RAM,Ballistix,Ballistix Sport LT DDR4 2400 C16 2x8GB,76.9,DDR4 2400,C16,4,8GB,https://ram.userbenchmark.com/Crucial-Ballistix-Sport-LT-DDR4-2400-C16-2x8GB/Rating/3638
RAM,Ballistix,Ballistix Sport LT DDR4 2400 C16 2x8GB,76.9,DDR4 2400,C16,4,8GB,https://ram.userbenchmark.com/Crucial-Ballistix-Sport-LT-DDR4-2400-C16-2x8GB/Rating/3638
RAM,Vengeance,Vengeance LPX DDR4 2400 C16 2x16GB,76.7,DDR4 2400,C16,4,16GB,https://ram.userbenchmark.com/SpeedTest/131225/Corsair-Vengeance-LPX-CMK32GX4M2A2400C16-2x16GB
RAM,Vengeance,Vengeance LPX DDR4 2666 C16 2x8GB,76.7,DDR4 2666,C16,4,8GB,https://ram.userbenchmark.com/Corsair-Vengeance-LPX-DDR4-2666-C16-2x8GB/Rating/3545
RAM,Vengeance,Vengeance LPX DDR4 2666 C16 2x8GB,76.7,DDR4 2666,C16,4,8GB,https://ram.userbenchmark.com/Corsair-Vengeance-LPX-DDR4-2666-C16-2x8GB/Rating/3545
RAM,Vengeance,Vengeance LPX DDR4 2400 C16 2x4GB,76.5,DDR4 2400,C16,4,4GB,https://ram.userbenchmark.com/SpeedTest/105361/Corsair-Vengeance-LPX-CMK8GX4M2A2400C16-2x4GB
RAM,Vengeance,Vengeance LPX DDR4 2666 C16 2x4GB,76.3,DDR4 2666,C16,4,4GB,https://ram.userbenchmark.com/SpeedTest/90467/Corsair-Vengeance-LPX-CMK8GX4M2A2666C16-2x4GB
RAM,Ripjaws,Ripjaws V DDR4 2400 C15 4x8GB,76.1,DDR4 2400,C15,4,8GB,https://ram.userbenchmark.com/GSKILL-Ripjaws-V-DDR4-2400-C15-4x8GB/Rating/3568
RAM,Vengeance,Vengeance LPX DDR4 2666 C16 2x16GB,75.8,DDR4 2666,C16,4,16GB,https://ram.userbenchmark.com/SpeedTest/92488/Corsair-Vengeance-LPX-CMK32GX4M2A2666C16-2x16GB
RAM,Vengeance,Vengeance LPX DDR4 2400 C16 2x8GB,75.8,DDR4 2400,C16,4,8GB,https://ram.userbenchmark.com/SpeedTest/92730/Corsair-Vengeance-LPX-CMK16GX4M2A2400C16-2x8GB
RAM,Vengeance,Vengeance RGB DDR4 2666 C16 2x8GB,75.7,DDR4 2666,C16,4,8GB,https://ram.userbenchmark.com/SpeedTest/282283/Corsair-CMR16GX4M2A2666C16-2x8GB
RAM,TridentX,TridentX DDR3 2400 C10 4x8GB,74.3,DDR3 2400,C10,3,8GB,https://ram.userbenchmark.com/SpeedTest/89345/GSKILL-F3-2400C10-8GTX-4x8GB
RAM,Vengeance,Vengeance LED DDR4 2666 C16 2x8GB,74.0,DDR4 2666,C16,4,8GB,https://ram.userbenchmark.com/SpeedTest/152975/Corsair-CMU16GX4M2A2666C16-2x8GB
RAM,Vengeance,Vengeance LED DDR4 2666 C16 2x8GB,74.0,DDR4 2666,C16,4,8GB,https://ram.userbenchmark.com/SpeedTest/152975/Corsair-CMU16GX4M2A2666C16-2x8GB
RAM,Vengeance,Vengeance LED DDR4 2666 C16 2x8GB,74.0,DDR4 2666,C16,4,8GB,https://ram.userbenchmark.com/SpeedTest/152975/Corsair-CMU16GX4M2A2666C16-2x8GB
RAM,Fury,Fury DDR4 2133 C14 2x8GB,73.2,DDR4 2133,C14,4,8GB,https://ram.userbenchmark.com/HyperX-Fury-DDR4-2133-C14-2x8GB/Rating/3552
RAM,Fury,Fury DDR4 2133 C14 2x8GB,73.2,DDR4 2133,C14,4,8GB,https://ram.userbenchmark.com/HyperX-Fury-DDR4-2133-C14-2x8GB/Rating/3552
RAM,Vengeance,Vengeance LED DDR4 2400 C16 2x8GB,73.1,DDR4 2400,C16,4,8GB,https://ram.userbenchmark.com/SpeedTest/293029/Corsair-CMU16GX4M2A2400C16-2x8GB
RAM,Vengeance,Vengeance LED DDR4 2400 C16 2x8GB,73.1,DDR4 2400,C16,4,8GB,https://ram.userbenchmark.com/SpeedTest/293029/Corsair-CMU16GX4M2A2400C16-2x8GB
RAM,Vengeance,Vengeance LED DDR4 2400 C16 2x8GB,73.1,DDR4 2400,C16,4,8GB,https://ram.userbenchmark.com/SpeedTest/293029/Corsair-CMU16GX4M2A2400C16-2x8GB
RAM,Vengeance,Vengeance LPX DDR4 2400 C14 2x8GB,72.6,DDR4 2400,C14,4,8GB,https://ram.userbenchmark.com/Corsair-Vengeance-LPX-DDR4-2400-C14-2x8GB/Rating/3544
RAM,Vengeance,Vengeance LPX DDR4 2400 C14 2x8GB,72.6,DDR4 2400,C14,4,8GB,https://ram.userbenchmark.com/Corsair-Vengeance-LPX-DDR4-2400-C14-2x8GB/Rating/3544
RAM,Ripjaws,Ripjaws V DDR4 2400 C15 2x4GB,72.1,DDR4 2400,C15,4,4GB,https://ram.userbenchmark.com/GSKILL-Ripjaws-V-DDR4-2400-C15-2x4GB/Rating/3559
RAM,Ripjaws,Ripjaws V DDR4 2400 C15 2x8GB,71.5,DDR4 2400,C15,4,8GB,https://ram.userbenchmark.com/GSKILL-Ripjaws-V-DDR4-2400-C15-2x8GB/Rating/3549
RAM,Ripjaws,Ripjaws V DDR4 2400 C15 2x8GB,71.5,DDR4 2400,C15,4,8GB,https://ram.userbenchmark.com/GSKILL-Ripjaws-V-DDR4-2400-C15-2x8GB/Rating/3549
RAM,Ripjaws,Ripjaws V DDR4 2400 C15 2x8GB,71.5,DDR4 2400,C15,4,8GB,https://ram.userbenchmark.com/GSKILL-Ripjaws-V-DDR4-2400-C15-2x8GB/Rating/3549
RAM,Ripjaws,Ripjaws V DDR4 2400 C15 2x8GB,71.5,DDR4 2400,C15,4,8GB,https://ram.userbenchmark.com/GSKILL-Ripjaws-V-DDR4-2400-C15-2x8GB/Rating/3549
RAM,Ripjaws,Ripjaws V DDR4 2400 C15 2x8GB,71.5,DDR4 2400,C15,4,8GB,https://ram.userbenchmark.com/GSKILL-Ripjaws-V-DDR4-2400-C15-2x8GB/Rating/3549
RAM,Vengeance,Vengeance LPX DDR4 2400 C14 2x4GB,71.1,DDR4 2400,C14,4,4GB,https://ram.userbenchmark.com/SpeedTest/89740/Corsair-Vengeance-LPX-CMK8GX4M2A2400C14-2x4GB
RAM,Ripjaws,Ripjaws V DDR4 2133 C15 2x16GB,70.7,DDR4 2133,C15,4,16GB,https://ram.userbenchmark.com/GSKILL-Ripjaws-V-DDR4-2133-C15-2x16GB/Rating/3633
RAM,Ripjaws,Ripjaws 4 DDR4 2400 C15 2x8GB,70.6,DDR4 2400,C15,4,8GB,https://ram.userbenchmark.com/GSKILL-Ripjaws-4-DDR4-2400-C15-2x8GB/Rating/3551
RAM,Fury,Fury DDR4 2133 C14 2x4GB,69.5,DDR4 2133,C14,4,4GB,https://ram.userbenchmark.com/HyperX-Fury-DDR4-2133-C14-2x4GB/Rating/3554
RAM,Vengeance,Vengeance LPX DDR4 2133 C13 2x8GB,69.2,DDR4 2133,C13,4,8GB,https://ram.userbenchmark.com/Corsair-Vengeance-LPX-DDR4-2133-C13-2x8GB/Rating/3543
RAM,Vengeance,Vengeance LPX DDR4 2133 C13 2x8GB,69.2,DDR4 2133,C13,4,8GB,https://ram.userbenchmark.com/Corsair-Vengeance-LPX-DDR4-2133-C13-2x8GB/Rating/3543
RAM,Ripjaws,Ripjaws V DDR4 2133 C15 2x4GB,68.5,DDR4 2133,C15,4,4GB,https://ram.userbenchmark.com/GSKILL-Ripjaws-V-DDR4-2133-C15-2x4GB/Rating/3560
RAM,Ballistix,Ballistix Sport DDR4 2400 C16 2x4GB,68.0,DDR4 2400,C16,4,4GB,https://ram.userbenchmark.com/Crucial-Ballistix-Sport-DDR4-2400-C16-2x4GB/Rating/3601
RAM,Ripjaws,Ripjaws V DDR4 2133 C15 2x8GB,67.9,DDR4 2133,C15,4,8GB,https://ram.userbenchmark.com/GSKILL-Ripjaws-V-DDR4-2133-C15-2x8GB/Rating/3632
RAM,TridentX,TridentX DDR3 2400 C10 2x8GB,67.0,DDR3 2400,C10,3,8GB,https://ram.userbenchmark.com/SpeedTest/89322/GSKILL-F3-2400C10-8GTX-2x8GB
RAM,Savage,Savage DDR3 2400 C11 2x8GB,63.3,DDR3 2400,C11,3,8GB,https://ram.userbenchmark.com/SpeedTest/43621/Kingston-KHX2400C11D38GX-2x8GB
RAM,Fury,Fury DDR3 1866 C10 2x8GB,59.2,DDR3 1866,C10,3,8GB,https://ram.userbenchmark.com/SpeedTest/42962/Kingston-KHX1866C10D38G-2x8GB
RAM,Fury,Fury DDR3 1866 C10 2x8GB,59.2,DDR3 1866,C10,3,8GB,https://ram.userbenchmark.com/SpeedTest/42962/Kingston-KHX1866C10D38G-2x8GB
RAM,Fury,Fury DDR3 1866 C10 2x8GB,59.2,DDR3 1866,C10,3,8GB,https://ram.userbenchmark.com/SpeedTest/42962/Kingston-KHX1866C10D38G-2x8GB
RAM,Fury,Fury DDR3 1866 C10 2x8GB,59.2,DDR3 1866,C10,3,8GB,https://ram.userbenchmark.com/SpeedTest/42962/Kingston-KHX1866C10D38G-2x8GB
RAM,Vengeance,Vengeance Pro DDR3 2400 C11 2x8GB,58.1,DDR3 2400,C11,3,8GB,https://ram.userbenchmark.com/SpeedTest/89568/Corsair-Vengeance-Pro-CMY16GX3M2A2400C11-2x8GB
RAM,Ballistix,Ballistix Sport DDR3 1600 C9 2x4GB,56.0,DDR3 1600,C9,3,4GB,https://ram.userbenchmark.com/SpeedTest/50785/Crucial-BLS4G3D1609DS1S00-2x4GB
RAM,Ballistix,Ballistix Sport DDR3 1600 C9 2x4GB,56.0,DDR3 1600,C9,3,4GB,https://ram.userbenchmark.com/SpeedTest/50785/Crucial-BLS4G3D1609DS1S00-2x4GB
RAM,Fury,Fury DDR3 1600 C10 2x8GB,54.0,DDR3 1600,C10,3,8GB,https://ram.userbenchmark.com/SpeedTest/42910/Kingston-KHX1600C10D38G-2x8GB
RAM,Fury,Fury DDR3 1600 C10 2x8GB,54.0,DDR3 1600,C10,3,8GB,https://ram.userbenchmark.com/SpeedTest/42910/Kingston-KHX1600C10D38G-2x8GB
RAM,Fury,Fury DDR3 1600 C10 2x8GB,54.0,DDR3 1600,C10,3,8GB,https://ram.userbenchmark.com/SpeedTest/42910/Kingston-KHX1600C10D38G-2x8GB
RAM,Fury,Fury DDR3 1600 C10 2x8GB,54.0,DDR3 1600,C10,3,8GB,https://ram.userbenchmark.com/SpeedTest/42910/Kingston-KHX1600C10D38G-2x8GB
RAM,RipjawsX,RipjawsX DDR3 1600 C9 2x4GB,52.7,DDR3 1600,C9,3,4GB,https://ram.userbenchmark.com/SpeedTest/89321/GSKILL-F3-12800CL9-4GBXL-2x4GB
RAM,Fury,Fury DDR3 1600 C10 2x4GB,51.4,DDR3 1600,C10,3,4GB,https://ram.userbenchmark.com/SpeedTest/42917/Kingston-KHX1600C10D38G-2x4GB
RAM,Fury,Fury DDR3 1600 C10 2x4GB,51.4,DDR3 1600,C10,3,4GB,https://ram.userbenchmark.com/SpeedTest/42917/Kingston-KHX1600C10D38G-2x4GB
RAM,Fury,Fury DDR3 1600 C10 2x4GB,51.4,DDR3 1600,C10,3,4GB,https://ram.userbenchmark.com/SpeedTest/42917/Kingston-KHX1600C10D38G-2x4GB
RAM,Fury,Fury DDR3 1600 C10 2x4GB,51.4,DDR3 1600,C10,3,4GB,https://ram.userbenchmark.com/SpeedTest/42917/Kingston-KHX1600C10D38G-2x4GB
RAM,RipjawsX,RipjawsX DDR3 1866 C10 2x8GB,51.3,DDR3 1866,C10,3,8GB,https://ram.userbenchmark.com/SpeedTest/89210/GSKILL-F3-14900CL10-8GBXL-2x8GB
RAM,RipjawsX,RipjawsX DDR3 1600 C10 4x8GB,51.2,DDR3 1600,C10,3,8GB,https://ram.userbenchmark.com/SpeedTest/90320/GSKILL-F3-12800CL10-8GBXL-4x8GB
RAM,Fury,Fury DDR3 1866 C10 2x4GB,51.2,DDR3 1866,C10,3,4GB,https://ram.userbenchmark.com/HyperX-Fury-DDR3-1866-C10-2x4GB/Rating/3588
RAM,Fury,Fury DDR3 1866 C10 2x4GB,51.2,DDR3 1866,C10,3,4GB,https://ram.userbenchmark.com/HyperX-Fury-DDR3-1866-C10-2x4GB/Rating/3588
RAM,Fury,Fury DDR3 1866 C10 2x4GB,51.2,DDR3 1866,C10,3,4GB,https://ram.userbenchmark.com/HyperX-Fury-DDR3-1866-C10-2x4GB/Rating/3588
RAM,Fury,Fury DDR3 1866 C10 2x4GB,51.2,DDR3 1866,C10,3,4GB,https://ram.userbenchmark.com/HyperX-Fury-DDR3-1866-C10-2x4GB/Rating/3588
RAM,Savage,Savage DDR3 1600 C9 2x4GB,51.1,DDR3 1600,C9,3,4GB,https://ram.userbenchmark.com/SpeedTest/43139/Kingston-KHX1600C9D34GX-2x4GB
RAM,XMS3,XMS3 DDR3 1600 C9 2x4GB,49.6,DDR3 1600,C9,3,4GB,https://ram.userbenchmark.com/SpeedTest/89663/Corsair-XMS3-CMX8GX3M2A1600C9-2x4GB
RAM,RipjawsX,RipjawsX DDR3 1600 C10 2x8GB,49.0,DDR3 1600,C10,3,8GB,https://ram.userbenchmark.com/SpeedTest/89329/GSKILL-F3-12800CL10-8GBXL-2x8GB
RAM,Vengeance,Vengeance DDR3 1600 C9 2x4GB,48.4,DDR3 1600,C9,3,4GB,https://ram.userbenchmark.com/SpeedTest/89203/Corsair-Vengeance-CMZ8GX3M2A1600C9-2x4GB
RAM,Ballistix,Ballistix Sport LT DDR4 2666 C16 1x8GB,46.7,DDR4 2666,C16,4,8GB,https://ram.userbenchmark.com/SpeedTest/321149/Crucial-BLS8G4D26BFSC16FBD2-1x8GB
RAM,Ballistix,Ballistix Sport LT DDR4 2666 C16 1x8GB,46.7,DDR4 2666,C16,4,8GB,https://ram.userbenchmark.com/SpeedTest/321149/Crucial-BLS8G4D26BFSC16FBD2-1x8GB
RAM,Ballistix,Ballistix Sport LT DDR4 2666 C16 1x8GB,46.7,DDR4 2666,C16,4,8GB,https://ram.userbenchmark.com/SpeedTest/321149/Crucial-BLS8G4D26BFSC16FBD2-1x8GB
RAM,Ballistix,Ballistix Sport LT DDR4 2400 C16 1x8GB,43.1,DDR4 2400,C16,4,8GB,https://ram.userbenchmark.com/SpeedTest/142440/Crucial-BLS8G4D240FSB16FBD-1x8GB
RAM,UDIMM,UDIMM DDR4 2400 C16 1x8GB,41.6,DDR4 2400,C16,4,8GB,https://ram.userbenchmark.com/SpeedTest/358525/Crucial-CT8G4DFD824AC16FHP-1x8GB
RAM,Vengeance,Vengeance LPX DDR4 2400 C16 1x8GB,41.6,DDR4 2400,C16,4,8GB,https://ram.userbenchmark.com/Corsair-Vengeance-LPX-DDR4-2400-C16-1x8GB/Rating/3610
RAM,Vengeance,Vengeance LPX DDR4 2400 C16 1x8GB,41.6,DDR4 2400,C16,4,8GB,https://ram.userbenchmark.com/Corsair-Vengeance-LPX-DDR4-2400-C16-1x8GB/Rating/3610
RAM,UDIMM,UDIMM DDR4 2400 C16 1x16GB,41.5,DDR4 2400,C16,4,16GB,https://ram.userbenchmark.com/SpeedTest/228105/Crucial-CT16G4DFD824AC16FAD-1x16GB
RAM,Fury,Fury DDR4 2133 C14 1x8GB,40.2,DDR4 2133,C14,4,8GB,https://ram.userbenchmark.com/HyperX-Fury-DDR4-2133-C14-1x8GB/Rating/3555
RAM,Vengeance,Vengeance LPX DDR4 2400 C14 1x8GB,38.7,DDR4 2400,C14,4,8GB,https://ram.userbenchmark.com/SpeedTest/89446/Corsair-Vengeance-LPX-CMK8GX4M1A2400C14-1x8GB
RAM,UDIMM,UDIMM DDR4 2400 C17 1x4GB,38.7,DDR4 2400,C17,4,4GB,https://ram.userbenchmark.com/SpeedTest/372497/Crucial-CT4G4DFS824AC8FHP-1x4GB
RAM,Vengeance,Vengeance LPX DDR4 2400 C14 1x4GB,38.7,DDR4 2400,C14,4,4GB,https://ram.userbenchmark.com/SpeedTest/97522/Corsair-Vengeance-LPX-CMK4GX4M1A2400C14-1x4GB
RAM,Value,Value DDR4 2133 C15 1x4GB,37.6,DDR4 2133,C15,4,4GB,https://ram.userbenchmark.com/SpeedTest/109263/GSKILL-F4-2133C15-4GNT-1x4GB
RAM,ValueSelect,ValueSelect DDR4 2133 C15 1x4GB,37.3,DDR4 2133,C15,4,4GB,https://ram.userbenchmark.com/SpeedTest/96727/Corsair-ValueSelect-CMV4GX4M1A2133C15-1x4GB
RAM,Vengeance,Vengeance DDR3 1600 C10 1x8GB,30.8,DDR3 1600,C10,3,8GB,https://ram.userbenchmark.com/SpeedTest/89201/Corsair-Vengeance-CMZ8GX3M1A1600C10-1x8GB
RAM,Ripjaws,Ripjaws DDR3 1600 C9 1x4GB,29.0,DDR3 1600,C9,3,4GB,https://ram.userbenchmark.com/SpeedTest/90810/GSKILL-F3-12800CL9-4GBRL-1x4GB
RAM,RipjawsX,RipjawsX DDR3 1600 C10 1x8GB,27.7,DDR3 1600,C10,3,8GB,https://ram.userbenchmark.com/SpeedTest/89412/GSKILL-F3-12800CL10-8GBXL-1x8GB
